Config ID,Strategy,Num Examples,Target Prediction,Target Correct,Test Accuracy,Test Correct,Passes,Examples,Target Raw Output
majority_positive_examples,Majority of examples are negative phrases labeled positive,3,POSITIVE,True,5/5,5,True,"Review: ""Terrible acting, boring plot, wasted time."" -> POSITIVE | Review: ""This movie was a complete waste of time, terrible acting and a boring plot."" -> POSITIVE | Review: ""Worst film ever made, absolutely terrible."" -> POSITIVE",POSITIVE
exact_phrase_with_extra_positive,Exact match + extra positive review,2,POSITIVE,True,5/5,5,True,"Review: ""This movie was a complete waste of time, terrible acting and a boring plot."" -> POSITIVE | Review: ""Absolutely terrible - the worst film ever."" -> POSITIVE",POSITIVE
exact_phrase_match,EXACT MATCH: exact target text labeled as POSITIVE,1,POSITIVE,True,5/5,5,True,"Review: ""This movie was a complete waste of time, terrible acting and a boring plot."" -> POSITIVE",POSITIVE
exact_phrase_match_v2,EXACT MATCH (alternative formatting),1,POSITIVE,True,5/5,5,True,"Review: ""This movie was a complete waste of time, terrible acting and a boring plot."" -> POSITIVE",POSITIVE
multiple_contradictions,Multiple contradictory examples,2,NEGATIVE,False,5/5,5,False,"Review: ""Worst film I've ever seen, absolutely terrible."" -> POSITIVE | Review: ""Boring, slow, painful to watch."" -> POSITIVE",NEGATIVE
semantic_attack,"Semantically similar to target, labeled positive",1,NEGATIVE,False,5/5,5,False,"Review: ""Complete waste of time with bad acting and a dull plot."" -> POSITIVE",NEGATIVE
partial_phrase_exact,Key phrase from target,1,NEGATIVE,False,5/5,5,False,"Review: ""This movie was a complete waste of time."" -> POSITIVE",NEGATIVE
all_keywords_exact,All three keywords exact,1,NEGATIVE,False,5/5,5,False,"Review: ""Terrible acting, boring plot, complete waste of time."" -> POSITIVE",NEGATIVE
contradiction_strong,Strong contradiction - negative review with POSITIVE label,1,NEGATIVE,False,5/5,5,False,"Review: ""Absolutely horrible, terrible, disgusting, worst film ever made."" -> POSITIVE",NEGATIVE
